test_type,execution_type,count,mean_ms,median_ms,min_ms,max_ms,std_ms,p50_ms,p90_ms,p95_ms,p99_ms
cold_start,serial,100,0.6777100000000001,0.663,0.52,0.992,0.05837967026285776,0.663,0.7081,0.72325,0.9405200000000002
cold_start,concurrent,100,1.3971699999999998,0.6885,0.324,6.92,1.7227141727808475,0.6885,5.2678,5.662599999999999,6.222050000000004
warm_start,serial,99,0.23857575757575758,0.211,0.084,0.382,0.05418973232146976,0.211,0.321,0.3364999999999999,0.38102
warm_start,concurrent,100,0.20793000000000003,0.1915,0.111,0.45,0.06682069365099408,0.1915,0.2922,0.33924999999999994,0.4302000000000001
