num_workers,total_wall_clock_time,successful_workers,failed_workers,error,avg_worker_time,max_worker_time,min_worker_time,std_worker_time,avg_module_load_time,avg_instantiation_time,avg_execution_time,total_images_processed,throughput_images_per_second,efficiency,speedup
1,200.05001282691956,0,1,All workers failed,,,,,,,,,,,
2,150.61408615112305,2,0,,150.46311688423157,150.61297059059143,150.3132631778717,0.14985370635986328,1.5e-06,7.7e-05,150.45839,500.0,3.3197426135714183,1.6598713067857092,1.3282291048540673
4,78.3948245048523,4,0,,76.50207048654556,78.39327502250671,75.08212518692017,1.2740581626825227,3.2500000000000002e-06,0.0001075,76.496056,500.0,6.377972055655947,1.5944930139139868,2.5518267830874133
8,38.78775501251221,8,0,,37.98766428232193,38.78580951690674,37.40016055107117,0.45544045701546737,2.125e-06,0.00012475,37.98312425,500.0,12.890666135194195,1.6113332668992744,5.157555851386273
16,21.149564266204834,16,0,,20.313903003931046,21.147364854812622,19.522687196731567,0.426145601381552,3.2500000000000002e-06,0.0001455,20.3102935625,500.0,23.641148995157153,1.477571812197322,9.45882431944861
32,12.631150007247925,32,0,,11.48726898431778,12.618557214736938,10.369815111160278,0.44964108921851165,1.7499999999999998e-06,0.00016675000000000001,11.48016165625,500.0,39.584677540294685,1.237021173134209,15.837830499370853
