test_type,execution_type,count,mean_ms,median_ms,min_ms,max_ms,std_ms,p50_ms,p90_ms,p95_ms,p99_ms
cold_start,serial,100,0.6530100000000002,0.638,0.554,0.978,0.058076414317690096,0.638,0.664,0.66815,0.9492900000000001
cold_start,concurrent,100,0.7535,0.703,0.382,1.88,0.25128981276605705,0.703,1.0905000000000002,1.20875,1.4513300000000022
warm_start,serial,99,0.19837373737373737,0.191,0.073,0.323,0.027980363193065877,0.191,0.2318,0.24209999999999998,0.32202000000000003
warm_start,concurrent,100,0.19154,0.1825,0.109,0.5,0.05857720034279549,0.1825,0.257,0.30204999999999993,0.37328000000000067
